{
    "training_metrics": {
        "decision_tree": {
            "accuracy": 1.0,
            "precision": 1.0,
            "recall": 1.0,
            "f1": 1.0
        },
        "random_forest": {
            "accuracy": 1.0,
            "precision": 1.0,
            "recall": 1.0,
            "f1": 1.0
        },
        "svm": {
            "accuracy": 0.991625,
            "precision": 1.0,
            "recall": 0.1625,
            "f1": 0.27956989247311825
        },
        "neural_network": {
            "accuracy": 0.999625,
            "precision": 0.9873417721518988,
            "recall": 0.975,
            "f1": 0.9811320754716981
        }
    },
    "evaluation_metrics": {
        "decision_tree": {
            "accuracy": 0.9955,
            "precision": 0.7894736842105263,
            "recall": 0.75,
            "f1": 0.7692307692307693
        },
        "random_forest": {
            "accuracy": 0.995,
            "precision": 0.9166666666666666,
            "recall": 0.55,
            "f1": 0.6875
        },
        "svm": {
            "accuracy": 0.9925,
            "precision": 1.0,
            "recall": 0.25,
            "f1": 0.4
        },
        "neural_network": {
            "accuracy": 0.9955,
            "precision": 0.8666666666666667,
            "recall": 0.65,
            "f1": 0.7428571428571429
        }
    }
}